Registration,Model
A7-AHA,Airbus A320-232
A7-AHB,Airbus A320-232
A7-AHC,Airbus A320-232
A7-AHD,Airbus A320-232
A7-AHE,Airbus A320-232
A7-AHF,Airbus A320-232
A7-AHG,Airbus A320-232
A7-AHH,Airbus A320-232
A7-AHI,Airbus A320-232
A7-AHJ,Airbus A320-232
A7-AHL,Airbus A320-232
A7-AHO,Airbus A320-232
A7-AHP,Airbus A320-232
A7-AHQ,Airbus A320-232
A7-AHR,Airbus A320-232
A7-AHS,Airbus A320-232
A7-AHT,Airbus A320-232
A7-AHU,Airbus A320-232
A7-AHW,Airbus A320-232
A7-AHX,Airbus A320-232
A7-AHY,Airbus A320-232
A7-LAA,Airbus A320-214
A7-LAB,Airbus A320-214
A7-LAC,Airbus A320-214
A7-LAD,Airbus A320-214
A7-LAE,Airbus A320-214
A7-LAF,Airbus A320-214
A7-LAG,Airbus A320-214
A7-LAH,Airbus A320-214
A7-ACM,Airbus A330-202
A7-ACS,Airbus A330-202
A7-ACT,Airbus A330-202
A7-AED,Airbus A330-302
A7-AEE,Airbus A330-302
A7-AEF,Airbus A330-302
A7-AEG,Airbus A330-302
A7-AEJ,Airbus A330-302
A7-AEN,Airbus A330-302
A7-AEO,Airbus A330-302
A7-ALA,Airbus A350-941
A7-ALB,Airbus A350-941
A7-ALC,Airbus A350-941
A7-ALD,Airbus A350-941
A7-ALE,Airbus A350-941
A7-ALF,Airbus A350-941
A7-ALG,Airbus A350-941
A7-ALH,Airbus A350-941
A7-ALI,Airbus A350-941
A7-ALJ,Airbus A350-941
A7-ALK,Airbus A350-941
A7-ALL,Airbus A350-941
A7-ALM,Airbus A350-941
A7-ALN,Airbus A350-941
A7-ALO,Airbus A350-941
A7-ALP,Airbus A350-941
A7-ALQ,Airbus A350-941
A7-ALR,Airbus A350-941
A7-ALS,Airbus A350-941
A7-ALT,Airbus A350-941
A7-ALU,Airbus A350-941
A7-ALV,Airbus A350-941
A7-ALW,Airbus A350-941
A7-ALX,Airbus A350-941
A7-ALY,Airbus A350-941
A7-ALZ,Airbus A350-941
A7-AME,Airbus A350-941
A7-AMF,Airbus A350-941
A7-AMG,Airbus A350-941
A7-AMH,Airbus A350-941
A7-AMI,Airbus A350-941
A7-AMJ,Airbus A350-941
A7-AMK,Airbus A350-941
A7-AML,Airbus A350-941
A7-ANA,Airbus A350-1041
A7-ANB,Airbus A350-1041
A7-ANC,Airbus A350-1041
A7-AND,Airbus A350-1041
A7-ANE,Airbus A350-1041
A7-ANF,Airbus A350-1041
A7-ANG,Airbus A350-1041
A7-ANH,Airbus A350-1041
A7-ANI,Airbus A350-1041
A7-ANJ,Airbus A350-1041
A7-ANK,Airbus A350-1041
A7-ANL,Airbus A350-1041
A7-ANM,Airbus A350-1041
A7-ANN,Airbus A350-1041
A7-ANO,Airbus A350-1041
A7-ANP,Airbus A350-1041
A7-ANQ,Airbus A350-1041
A7-ANR,Airbus A350-1041
A7-ANS,Airbus A350-1041
A7-ANT,Airbus A350-1041
A7-AOA,Airbus A350-1041
A7-AOB,Airbus A350-1041
A7-AOC,Airbus A350-1041
A7-AOD,Airbus A350-1041
A7-APC,Airbus A380-861
A7-APD,Airbus A380-861
A7-APE,Airbus A380-861
A7-APF,Airbus A380-861
A7-APG,Airbus A380-861
A7-APH,Airbus A380-861
A7-API,Airbus A380-861
A7-APJ,Airbus A380-861
A7-BSA,Boeing 737 MAX 8
A7-BSB,Boeing 737 MAX 8
A7-BSC,Boeing 737 MAX 8
A7-BSD,Boeing 737 MAX 8
A7-BSE,Boeing 737 MAX 8
A7-BSF,Boeing 737 MAX 8
A7-BSG,Boeing 737 MAX 8
A7-BSH,Boeing 737 MAX 8
A7-BSI,Boeing 737 MAX 8
A7-BBA,Boeing 777-2DZ(LR)
A7-BBB,Boeing 777-2DZ(LR)
A7-BBC,Boeing 777-2DZ(LR)
A7-BBF,Boeing 777-2DZ(LR)
A7-BBG,Boeing 777-2DZ(LR)
A7-BBH,Boeing 777-2DZ(LR)
A7-BBI,Boeing 777-2DZ(LR)
A7-BFA,Boeing 777-FDZ
A7-BFB,Boeing 777-FDZ
A7-BFC,Boeing 777-FDZ
A7-BFD,Boeing 777-FDZ
A7-BFE,Boeing 777-FDZ
A7-BFF,Boeing 777-FDZ
A7-BFG,Boeing 777-FDZ
A7-BFH,Boeing 777-FDZ
A7-BFI,Boeing 777-FDZ
A7-BFJ,Boeing 777-FDZ
A7-BFK,Boeing 777-FDZ
A7-BFL,Boeing 777-FDZ
A7-BFM,Boeing 777-FDZ
A7-BFN,Boeing 777-FDZ
A7-BFO,Boeing 777-FDZ
A7-BFP,Boeing 777-F
A7-BFQ,Boeing 777-F
A7-BFR,Boeing 777-F
A7-BFS,Boeing 777-F
A7-BFT,Boeing 777-F
A7-BFU,Boeing 777-F
A7-BFV,Boeing 777-F
A7-BFW,Boeing 777-F
A7-BFX,Boeing 777-F
A7-BFY,Boeing 777-F
A7-BFZ,Boeing 777-F
A7-BTA,Boeing 777-F
A7-BTB,Boeing 777-F
A7-BAA,Boeing 777-3DZ(ER)
A7-BAB,Boeing 777-3DZ(ER)
A7-BAC,Boeing 777-3DZ(ER)
A7-BAE,Boeing 777-3DZ(ER)
A7-BAF,Boeing 777-3DZ(ER)
A7-BAG,Boeing 777-3DZ(ER)
A7-BAH,Boeing 777-3DZ(ER)
A7-BAI,Boeing 777-3DZ(ER)
A7-BAJ,Boeing 777-3DZ(ER)
A7-BAK,Boeing 777-3DZ(ER)
A7-BAL,Boeing 777-3DZ(ER)
A7-BAM,Boeing 777-3DZ(ER)
A7-BAN,Boeing 777-3DZ(ER)
A7-BAO,Boeing 777-3DZ(ER)
A7-BAP,Boeing 777-3DZ(ER)
A7-BAQ,Boeing 777-3DZ(ER)
A7-BAS,Boeing 777-3DZ(ER)
A7-BAT,Boeing 777-3DZ(ER)
A7-BAU,Boeing 777-3DZ(ER)
A7-BAV,Boeing 777-3DZ(ER)
A7-BAW,Boeing 777-3DZ(ER)
A7-BAX,Boeing 777-3DZ(ER)
A7-BAY,Boeing 777-3DZ(ER)
A7-BAZ,Boeing 777-3DZ(ER)
A7-BEA,Boeing 777-3DZ(ER)
A7-BEB,Boeing 777-3DZ(ER)
A7-BEC,Boeing 777-3DZ(ER)
A7-BED,Boeing 777-3DZ(ER)
A7-BEE,Boeing 777-3DZ(ER)
A7-BEF,Boeing 777-3DZ(ER)
A7-BEG,Boeing 777-3DZ(ER)
A7-BEH,Boeing 777-3DZ(ER)
A7-BEI,Boeing 777-3DZ(ER)
A7-BEJ,Boeing 777-3DZ(ER)
A7-BEK,Boeing 777-3DZ(ER)
A7-BEL,Boeing 777-3DZ(ER)
A7-BEM,Boeing 777-3DZ(ER)
A7-BEN,Boeing 777-3DZ(ER)
A7-BEO,Boeing 777-3DZ(ER)
A7-BEP,Boeing 777-3DZ(ER)
A7-BEQ,Boeing 777-3DZ(ER)
A7-BER,Boeing 777-3DZ(ER)
A7-BES,Boeing 777-3DZ(ER)
A7-BET,Boeing 777-3DZ(ER)
A7-BEU,Boeing 777-3DZ(ER)
A7-BEV,Boeing 777-3DZ(ER)
A7-BEW,Boeing 777-3DZ(ER)
A7-BEX,Boeing 777-3DZ(ER)
A7-BOA,Boeing 777-367(ER)
A7-BOB,Boeing 777-367(ER)
A7-BOC,Boeing 777-367(ER)
A7-BOD,Boeing 777-367(ER)
A7-BOE,Boeing 777-3ZG(ER)
A7-BOF,Boeing 777-3ZG(ER)
A7-BOG,Boeing 777-3ZG(ER)
A7-BOH,Boeing 777-367(ER)
A7-BOI,Boeing 777-367(ER)
A7-BCA,Boeing 787-8 Dreamliner
A7-BCB,Boeing 787-8 Dreamliner
A7-BCC,Boeing 787-8 Dreamliner
A7-BCD,Boeing 787-8 Dreamliner
A7-BCE,Boeing 787-8 Dreamliner
A7-BCF,Boeing 787-8 Dreamliner
A7-BCG,Boeing 787-8 Dreamliner
A7-BCH,Boeing 787-8 Dreamliner
A7-BCI,Boeing 787-8 Dreamliner
A7-BCJ,Boeing 787-8 Dreamliner
A7-BCK,Boeing 787-8 Dreamliner
A7-BCL,Boeing 787-8 Dreamliner
A7-BCM,Boeing 787-8 Dreamliner
A7-BCN,Boeing 787-8 Dreamliner
A7-BCO,Boeing 787-8 Dreamliner
A7-BCP,Boeing 787-8 Dreamliner
A7-BCQ,Boeing 787-8 Dreamliner
A7-BCR,Boeing 787-8 Dreamliner
A7-BCS,Boeing 787-8 Dreamliner
A7-BCT,Boeing 787-8 Dreamliner
A7-BCU,Boeing 787-8 Dreamliner
A7-BCV,Boeing 787-8 Dreamliner
A7-BCW,Boeing 787-8 Dreamliner
A7-BCX,Boeing 787-8 Dreamliner
A7-BCY,Boeing 787-8 Dreamliner
A7-BCZ,Boeing 787-8 Dreamliner
A7-BDA,Boeing 787-8 Dreamliner
A7-BDB,Boeing 787-8 Dreamliner
A7-BDC,Boeing 787-8 Dreamliner
A7-BDD,Boeing 787-8 Dreamliner
A7-BHA,Boeing 787-9 Dreamliner
A7-BHB,Boeing 787-9 Dreamliner
A7-BHC,Boeing 787-9 Dreamliner
A7-BHD,Boeing 787-9 Dreamliner
A7-BHE,Boeing 787-9 Dreamliner
A7-BHF,Boeing 787-9 Dreamliner
A7-BHG,Boeing 787-9 Dreamliner
A7-BHH,Boeing 787-9 Dreamliner
A7-BHI,Boeing 787-9 Dreamliner
A7-BHJ,Boeing 787-9 Dreamliner
A7-BHK,Boeing 787-9 Dreamliner
A7-BHL,Boeing 787-9 Dreamliner
A7-BHM,Boeing 787-9 Dreamliner
A7-BHN,Boeing 787-9 Dreamliner
A7-BHO,Boeing 787-9 Dreamliner
A7-BHP,Boeing 787-9 Dreamliner
A7-BHQ,Boeing 787-9 Dreamliner
A7-BHR,Boeing 787-9 Dreamliner
